,First Name,Last Name,Mid-term exams,Final exam,CW 1,CW 2,"Total
 Points","Student
 Average",Grade
1,Velma,Paul,49%,66%,59%,78%,252,63.00%,D
2,Kibo,Mcgee,75%,75%,68%,66%,284,71.00%,C-
3,Louis,Underwood,98%,44%,67%,42%,251,62.75%,D-
4,Phyllis,Clemons,65%,45%,65%,55%,230,57.50%,F
5,Zenaida,Mcdowell,65%,54%,65%,54%,238,59.50%,F
6,Gillian,Tillman,48%,86%,48%,86%,268,67.00%,D+
7,Constance,Decker,86%,45%,86%,45%,262,65.50%,D
8,Giselle,Lancaster,75%,65%,75%,65%,280,70.00%,C-
9,Kirsten,Walker,45%,49%,45%,56%,195,48.75%,F
10,Bob,Underwood,32%,52%,32%,52%,168,42.00%,F
11,Sem,Boone,45%,63%,45%,63%,216,54.00%,F
12,Kibo,Underwood,98%,78%,98%,78%,352,88.00%,B+
13,Lucy,Rivett,100%,85%,100%,85%,370,92.50%,A-
14,Artur,Lancaster,45%,54%,45%,54%,198,49.50%,F
15,Taylor,Henstridge,55%,52%,55%,52%,214,53.50%,F
16,Sue,Tebbett,61%,52%,61%,52%,226,56.50%,F
17,John,Henstridge,78%,71%,78%,71%,298,74.50%,C
18,Lucas,Mcgee,68%,84%,68%,84%,304,76.00%,C+
19,Tony,Shade,88%,90%,88%,90%,356,89.00%,B+
20,Cutler,Melmore,94%,69%,94%,69%,326,81.50%,B-
21,Emma,Flooks,89%,75%,89%,75%,328,82.00%,B-
22,Lindo,Scala,55%,43%,55%,43%,196,49.00%,F
23,Paul,Guerre,45%,65%,45%,65%,220,55.00%,F
24,Sean,Benadette,33%,65%,33%,65%,196,49.00%,F
25,Zehra,Tolomelli,44%,78%,44%,78%,244,61.00%,D-
26,William,Tillman,89%,45%,89%,45%,268,67.00%,D+
27,Alejandro,Boone,74%,79%,74%,79%,306,76.50%,C+
28,Patrick,Lancaster,58%,48%,45%,65%,216,54.00%,F
29,Junior,Mcdowell,45%,69%,55%,72%,241,60.25%,D-
30,Lonnie,Tebbett,49%,66%,59%,78%,252,63.00%,D
31,Ellerey,Halworth,75%,75%,68%,66%,284,71.00%,C-
32,Maurits,Caughtry,98%,44%,67%,42%,251,62.75%,D-
33,Fulton,Harbage,65%,45%,65%,55%,230,57.50%,F
34,Missie,Tuke,65%,54%,65%,54%,238,59.50%,F
35,Marnie,Fenney,48%,86%,48%,86%,268,67.00%,D+
36,Charmain,Ivatts,86%,45%,86%,45%,262,65.50%,D
37,Dotti,Rivett,75%,65%,75%,65%,280,70.00%,C-
38,Dudley,Bedle,45%,49%,45%,56%,195,48.75%,F
39,Vidovik,Hought,32%,52%,32%,52%,168,42.00%,F
40,Gaylene,Echelle,45%,63%,45%,63%,216,54.00%,F
41,Celestia,Degoix,98%,78%,98%,78%,352,88.00%,B+
42,Imogene,Sushams,100%,85%,100%,85%,370,92.50%,A-
43,Ambrosius,Rangell,45%,54%,45%,54%,198,49.50%,F
44,Louise,McCromley,55%,52%,55%,52%,214,53.50%,F
45,Bettye,Standingford,61%,52%,61%,52%,226,56.50%,F
46,Stefanie,Braunfeld,78%,71%,78%,71%,298,74.50%,C
47,Jessy,Craghead,68%,84%,68%,84%,304,76.00%,C+
48,Stillmann,Flaonier,88%,90%,88%,90%,356,89.00%,B+
49,Joseito,O'Donovan,94%,69%,94%,69%,326,81.50%,B-
50,Jard,De Cleyne,89%,75%,89%,75%,328,82.00%,B-
51,Danielle,L'oiseau,55%,43%,55%,43%,196,49.00%,F
52,Barry,Whitnell,45%,65%,45%,65%,220,55.00%,F
53,Lea,Salazar,33%,65%,33%,65%,196,49.00%,F
54,Dukey,Rubinivitz,44%,78%,44%,78%,244,61.00%,D-
55,Myer,Kid,89%,45%,89%,45%,268,67.00%,D+
56,Royce,Blindt,74%,79%,74%,79%,306,76.50%,C+
57,Elissa,Wilds,58%,48%,45%,65%,216,54.00%,F
58,Rosalinde,Jeeves,45%,69%,55%,72%,241,60.25%,D-
59,Virginie,Behne,49%,66%,59%,78%,252,63.00%,D
60,Doug,Kenway,75%,75%,68%,66%,284,71.00%,C-
61,Mikey,Stollwerk,98%,44%,67%,42%,251,62.75%,D-
62,Rayshell,Klimke,65%,45%,65%,55%,230,57.50%,F
63,Leanna,Faucett,65%,54%,65%,54%,238,59.50%,F
64,Raeann,Genge,48%,86%,48%,86%,268,67.00%,D+
65,Brinna,Henstridge,86%,45%,86%,45%,262,65.50%,D
66,Kerry,Gayle,75%,65%,75%,65%,280,70.00%,C-
67,Aldous,Licciardello,45%,49%,45%,56%,195,48.75%,F
68,Benedicta,Shadrack,32%,52%,32%,52%,168,42.00%,F
69,Jennee,Ashcroft,45%,63%,45%,63%,216,54.00%,F
70,Sergent,Mapowder,93%,78%,95%,81%,347,86.75%,
71,Abdel,Bullan,96%,85%,98%,80%,359,89.75%,
72,Tyrone,O' Bee,47%,54%,46%,60%,208,51.75%,
73,Esma,Catherall,60%,52%,55%,60%,227,56.75%,
74,Melanie,Carleton,58%,52%,60%,70%,240,60.00%,
75,Layton,Fust,70%,71%,77%,85%,303,75.75%,
76,Blair,Bentote,72%,84%,70%,82%,308,77.00%,
77,Verne,Booij,89%,90%,88%,85%,352,88.00%,
78,Libby,Cliss,88%,69%,90%,73%,320,80.00%,
79,Dolley,Edgecumbe,86%,75%,87%,77%,325,81.25%,
80,Maurise,Farington,52%,43%,53%,45%,193,48.25%,
81,Renaud,Collisson,50%,65%,48%,62%,225,56.25%,
82,Tyrone,Hanssmann,40%,65%,30%,60%,195,48.75%,
83,Patrice,Jeanneau,53%,78%,48%,65%,244,61.00%,
84,Charmain,Parmeter,78%,60%,84%,52%,274,68.50%,
85,Hadley,Bole,68%,79%,74%,69%,290,72.50%,
86,Mick,Arden,55%,48%,45%,60%,208,52.00%,
87,Darius,Paladini,51%,69%,57%,67%,244,61.00%,
88,Grata,Dedam,53%,66%,60%,60%,239,59.75%,
89,Indira,Levane,75%,75%,69%,71%,290,72.50%,
90,Juline,Drivers,85%,44%,64%,51%,243,61.00%,
91,Winfred,Metherell,60%,45%,62%,58%,225,56.25%,
92,Adria,Goymer,62%,72%,63%,80%,278,69.25%,
93,Gaven,Duggan,58%,86%,54%,80%,278,69.50%,
94,Anson,Duckering,76%,45%,80%,64%,265,66.25%,
95,Antin,Raddish,73%,65%,74%,70%,281,70.50%,
96,Rutherford,Winham,46%,49%,46%,58%,199,49.75%,
97,Adiana,Trulocke,37%,52%,35%,49%,173,43.25%,
98,Carling,Pudge,42%,63%,56%,78%,239,59.75%,
99,Devlen,Rimes,90%,93%,95%,80%,358,89.50%,
100,Roobbie,Gouny,95%,85%,98%,88%,366,91.50%,
101,Ban,Blaxley,47%,54%,46%,60%,208,51.75%,
102,Bertie,Lamble,60%,52%,50%,66%,228,57.00%,
103,Alameda,Botterman,52%,65%,60%,70%,247,61.75%,
104,Cosme,Lamanby,80%,75%,77%,60%,292,73.00%,
105,Lexie,Brownsword,72%,84%,70%,82%,308,77.00%,
106,Kara,Shade,89%,90%,88%,90%,357,89.25%,
107,Donalt,Melmore,85%,69%,90%,78%,322,80.50%,
108,Vida,Flooks,86%,75%,87%,77%,325,81.25%,
109,Claudio,Scala,52%,43%,53%,45%,193,48.25%,
110,Carlie,Guerre,50%,65%,48%,62%,225,56.25%,
111,Tessi,Benadette,41%,65%,38%,60%,204,51.00%,
112,Renaldo,Tolomelli,53%,78%,49%,73%,253,63.25%,
113,Matthus,Mogg,78%,45%,82%,52%,257,64.25%,
114,Dolley,Stallan,75%,68%,75%,80%,298,74.50%,
115,Stefania,Smead,56%,48%,45%,58%,207,51.75%,
116,Aurea,Settle,51%,69%,72%,60%,252,63.00%,
117,Kris,Cochrane,53%,66%,60%,69%,249,62.00%,
118,Kippar,Frift,75%,75%,69%,71%,290,72.50%,
119,Chance,Hearthfield,85%,68%,66%,75%,294,73.50%,
120,Friederike,Cale,60%,45%,62%,53%,220,55.00%,
121,Lannie,Balshaw,80%,54%,63%,71%,268,67.00%,
122,Garek,Davenall,58%,86%,54%,80%,278,69.50%,
123,Hank,Sillick,76%,45%,80%,51%,252,63.00%,
124,Lambert,Curdell,73%,65%,74%,67%,278,69.75%,
125,Fredric,Dowber,46%,49%,46%,52%,193,48.25%,
126,Othelia,Flatt,37%,52%,35%,49%,173,43.25%,
127,Lexie,Tatlock,50%,63%,48%,60%,221,55.25%,
128,Babara,MacCardle,93%,78%,95%,81%,347,86.75%,
129,Tucky,Oboy,90%,80%,95%,87%,352,88.00%,
130,Vinnie,Shackel,47%,54%,46%,53%,200,50.00%,
131,Peta,Brechin,54%,52%,55%,52%,213,53.25%,
132,Michal,Borsay,68%,80%,60%,72%,280,70.00%,
133,Pierre,Limmer,76%,71%,77%,72%,296,74.00%,
134,Clay,Marriot,72%,84%,70%,82%,308,77.00%,
135,Trumaine,Geer,89%,90%,88%,90%,357,89.25%,
136,Archibald,Grouer,80%,69%,90%,78%,317,79.25%,
137,Derick,Konig,86%,75%,87%,77%,325,81.25%,
138,Harley,Poon,52%,43%,53%,45%,193,48.25%,
139,Brandea,Wieprecht,50%,65%,48%,62%,225,56.25%,
140,Luther,Daburn,41%,65%,38%,60%,204,51.00%,
141,Gussie,Jedrzaszkiewicz,53%,78%,49%,73%,253,63.25%,
142,Gavrielle,Benadette,78%,80%,82%,74%,314,78.50%,
143,Evelina,Acey,70%,86%,75%,78%,309,77.25%,
144,Adolphus,Poyle,56%,48%,45%,58%,207,51.75%,
145,Cameron,Saleway,51%,69%,57%,67%,244,61.00%,
146,Derick,Kings,53%,66%,60%,78%,257,64.25%,
147,Joaquin,Smallpeice,75%,75%,69%,79%,298,74.50%,
148,Lesley,Visick,85%,44%,64%,51%,243,61.00%,
149,Maris,Gummory,60%,45%,62%,53%,220,55.00%,
150,Clement,Milne,62%,54%,72%,60%,248,62.00%,
151,Joelle,Showler,58%,86%,54%,80%,278,69.50%,
152,Rozelle,Owthwaite,76%,45%,80%,51%,252,63.00%,
153,Kippie,Staten,73%,65%,74%,67%,278,69.75%,
154,Lazare,Melton,46%,60%,46%,52%,204,51.00%,
155,Cordey,Woodfield,37%,52%,35%,49%,173,43.25%,
156,Ives,Giovannelli,50%,63%,48%,60%,221,55.25%,
157,Zeke,Kleen,93%,78%,95%,81%,347,86.75%,
158,Jeniece,Elderbrant,96%,85%,98%,87%,366,91.50%,
159,Gregoor,Grzesiewicz,47%,54%,46%,64%,212,52.75%,
160,Amabelle,Astbery,60%,52%,55%,65%,232,58.00%,
161,Corty,Flowitt,59%,52%,60%,53%,224,56.00%,
162,Cissiee,Scougall,76%,71%,77%,72%,296,74.00%,
163,Brig,Tovey,72%,84%,70%,82%,308,77.00%,
164,Kassie,Tanslie,89%,90%,88%,82%,349,87.25%,
165,Gris,Escale,88%,69%,90%,73%,320,80.00%,
166,Breanne,Grenkov,86%,75%,87%,77%,325,81.25%,
167,Brigida,Anglin,52%,43%,53%,45%,193,48.25%,
168,Finn,Jzak,50%,65%,48%,62%,225,56.25%,
169,Gregorius,Dacey,41%,65%,38%,60%,204,51.00%,
170,Rosalia,Lockart,53%,78%,49%,73%,253,63.25%,
171,Jasmine,Lendrem,78%,45%,82%,52%,257,64.25%,
172,Edyth,Josilowski,75%,79%,75%,78%,307,76.75%,
173,Alvin,Novotna,56%,48%,45%,58%,207,51.75%,
174,Karel,Bedson,51%,69%,57%,58%,235,58.75%,
175,Reginauld,Kibbel,53%,66%,60%,69%,249,62.00%,
176,Melloney,Shinefield,75%,75%,69%,71%,290,72.50%,
177,Lyndsie,Maudlin,85%,68%,74%,70%,297,74.25%,
178,Emlyn,Jurgenson,60%,45%,62%,53%,220,55.00%,
179,Katrina,Connew,62%,54%,63%,56%,235,58.75%,
180,Phylys,Babb,58%,86%,54%,80%,278,69.50%,
181,Fonz,Rodnight,76%,45%,80%,51%,252,63.00%,
182,Noble,Crowth,73%,65%,74%,67%,278,69.75%,
183,Bertie,Jephson,46%,49%,46%,52%,193,48.25%,
184,Orland,Regis,37%,52%,35%,49%,173,43.25%,
185,Joe,Sebyer,50%,63%,48%,60%,221,55.25%,
186,Sher,Whybrow,93%,78%,95%,81%,347,86.75%,
187,Corrie,Wilber,96%,85%,98%,87%,366,91.50%,
188,Billy,Rebert,47%,54%,46%,53%,200,50.00%,
189,Claudius,Victor,54%,52%,55%,52%,213,53.25%,
190,Leila,Woolway,59%,52%,60%,53%,224,56.00%,
191,Rosita,Comley,76%,71%,77%,76%,300,75.00%,
192,Rustin,Morlon,72%,84%,70%,82%,308,77.00%,
193,Felita,Accomb,89%,90%,80%,86%,345,86.25%,
194,Michele,Dudding,88%,69%,90%,73%,320,80.00%,
195,Shanda,Collisson,86%,75%,87%,77%,325,81.25%,
196,Patrizius,MacKall,52%,43%,53%,45%,193,48.25%,
197,Odie,Slopier,50%,65%,48%,62%,225,56.25%,
198,Fayre,Sarath,41%,65%,38%,60%,204,51.00%,
199,Norbert,Carabine,53%,78%,49%,73%,253,63.25%,
200,Domenic,Ourtic,78%,45%,82%,52%,257,64.25%,
201,Britt,Tolefree,75%,79%,75%,78%,307,76.75%,
202,Delcine,Ewbank,56%,48%,45%,58%,207,51.75%,
203,Sibby,Grzelewski,51%,69%,57%,67%,244,61.00%,
204,Engracia,BURWIN,53%,66%,60%,70%,249,62.25%,
205,Milicent,Rutley,75%,75%,69%,71%,290,72.50%,
206,Marten,Cockley,85%,44%,64%,51%,243,61.00%,
207,Constance,Belsham,60%,45%,62%,53%,220,55.00%,
208,Chrissy,Carek,62%,54%,63%,56%,235,58.75%,
209,Pauly,McGuggy,58%,86%,54%,80%,278,69.50%,
210,Matthias,Kitchingham,76%,60%,80%,51%,267,66.75%,
211,Sammy,Farnes,73%,65%,74%,67%,278,69.75%,
212,Florencia,Beenham,46%,49%,46%,52%,193,48.25%,
213,Far,Dominelli,37%,52%,35%,49%,173,43.25%,
214,Costanza,Busher,50%,63%,48%,60%,221,55.25%,
215,Aeriela,Hatt,93%,78%,95%,81%,347,86.75%,
216,Rayna,Abramcik,96%,85%,98%,80%,359,89.75%,
217,Shurlock,Headon,47%,54%,46%,53%,200,50.00%,
218,Stewart,Lambertini,54%,52%,55%,52%,213,53.25%,
219,Devlin,Phillipps,59%,52%,60%,53%,224,56.00%,
220,Shina,Mumberson,76%,71%,77%,72%,296,74.00%,
221,Juan,Revans,72%,84%,70%,81%,307,76.75%,
222,Wally,Getten,89%,90%,88%,90%,357,89.25%,
223,Godfrey,De Rechter,88%,69%,90%,78%,325,81.25%,
224,Euell,Buttress,86%,75%,87%,77%,325,81.25%,
225,Devonne,Bannard,52%,43%,53%,45%,193,48.25%,
226,Tades,Stiffkins,50%,65%,48%,62%,225,56.25%,
227,Clarice,Ciobutaru,41%,65%,38%,60%,204,51.00%,
228,Robyn,Pleming,60%,78%,49%,73%,260,65.00%,
229,Deeanne,Haith,78%,45%,82%,52%,257,64.25%,
230,Anson,Syson,75%,79%,75%,78%,307,76.75%,
231,Bar,Steeden,56%,48%,45%,58%,207,51.75%,
232,Vincent,Aust,51%,69%,57%,67%,244,61.00%,
233,Marlo,Donegan,53%,66%,60%,70%,249,62.25%,
234,Tiffany,Egarr,75%,75%,69%,71%,290,72.50%,
235,Clayborne,Palombi,85%,44%,64%,51%,243,61.00%,
236,Ransell,Mozzini,60%,45%,62%,53%,220,55.00%,
237,Franzen,MacEllen,62%,54%,63%,56%,235,58.75%,
238,Simonette,Gothup,58%,86%,54%,80%,278,69.50%,
239,Shelagh,Penny,76%,45%,80%,51%,252,63.00%,
240,Anabella,Driver,73%,65%,74%,67%,278,69.75%,
241,Vail,Greber,62%,50%,46%,52%,210,52.50%,
242,Franky,Heatley,37%,52%,35%,49%,173,43.25%,
243,Marian,Pimbley,50%,63%,48%,60%,221,55.25%,
244,Georgina,Enbury,93%,78%,95%,84%,350,87.50%,
245,Alvan,Ramelet,96%,85%,98%,80%,359,89.75%,
246,Ursula,O'Calleran,47%,54%,46%,60%,208,51.75%,
247,Danila,Gilberthorpe,54%,52%,55%,52%,213,53.25%,
248,Sharleen,Andrews,59%,52%,60%,53%,224,56.00%,
249,Dorrie,Candwell,76%,71%,77%,72%,296,74.00%,
250,Orelie,Leyson,72%,84%,70%,82%,308,77.00%,
251,Dotti,Highton,89%,90%,88%,90%,357,89.25%,
252,Colman,Poile,85%,69%,90%,76%,320,80.00%,
253,Faye,Manchett,86%,75%,87%,77%,325,81.25%,
254,Jo-ann,Moyles,52%,43%,53%,45%,193,48.25%,
255,Zerk,Makiver,50%,65%,48%,62%,225,56.25%,
256,Rahel,Enston,41%,65%,38%,60%,204,51.00%,
257,Thurston,Slane,53%,78%,49%,73%,253,63.25%,
258,Ardeen,Farrin,78%,45%,82%,52%,257,64.25%,
259,Chico,Fraczek,75%,86%,75%,78%,314,78.50%,
260,Tamar,Purrington,56%,48%,45%,58%,207,51.75%,
261,Kristine,Triner,51%,69%,57%,67%,244,61.00%,
262,Raynor,Bister,53%,66%,60%,69%,249,62.00%,
263,Timmy,Stoakley,75%,75%,69%,71%,290,72.50%,
264,Kirbee,Breissan,85%,44%,64%,51%,243,61.00%,
265,Sherwynd,Venn,60%,45%,62%,53%,220,55.00%,
266,Antonino,Francesch,62%,54%,63%,56%,235,58.75%,
267,Jobey,Pulham,58%,86%,54%,80%,278,69.50%,
268,Mitzi,Eady,76%,45%,80%,51%,252,63.00%,
269,Vikki,Porteous,73%,65%,74%,67%,278,69.75%,
270,Amity,Verrell,46%,49%,46%,60%,201,50.25%,
271,Rory,Kief,37%,52%,35%,49%,173,43.25%,
272,Craggy,Vasyunin,63%,74%,50%,65%,252,63.00%,
273,Renard,Meuse,93%,78%,95%,81%,347,86.75%,
274,Noach,Polamontayne,96%,85%,98%,87%,366,91.50%,
275,Jedd,Ghiroldi,47%,54%,46%,53%,200,50.00%,
276,Natka,Micheli,54%,52%,55%,52%,213,53.25%,
277,Valery,Heinecke,60%,66%,78%,53%,257,64.25%,
278,Sissy,Smalman,76%,71%,77%,80%,304,76.00%,
279,Caesar,Abrey,72%,84%,70%,82%,308,77.00%,
280,Mag,Facchini,76%,90%,84%,88%,338,84.50%,
281,Hilly,Mansford,88%,69%,90%,73%,320,80.00%,
282,Benetta,Glasner,86%,75%,87%,77%,325,81.25%,
283,Beryle,Mintoff,52%,43%,53%,45%,193,48.25%,
284,Audry,Sellstrom,50%,65%,48%,62%,225,56.25%,
285,Salomi,Acom,41%,65%,38%,60%,204,51.00%,
286,Court,Henbury,53%,78%,49%,73%,253,63.25%,
287,Wilbur,Hawk,78%,45%,82%,52%,257,64.25%,
288,Pattie,Drance,75%,79%,75%,72%,301,75.25%,
289,Timmie,Robbs,70%,68%,58%,60%,256,64.00%,
290,Corie,Manuaud,51%,69%,57%,67%,244,61.00%,
291,Marybeth,Bickardike,53%,66%,60%,60%,239,59.75%,
292,Georgeta,Neave,75%,75%,69%,71%,290,72.50%,
293,Dudley,Doumenc,85%,44%,64%,51%,243,61.00%,
294,Berty,Cunio,60%,45%,62%,53%,220,55.00%,
295,Valera,Conniam,62%,54%,63%,56%,235,58.75%,
296,Joletta,Mixworthy,58%,86%,54%,80%,278,69.50%,
297,Carlee,Aksell,76%,45%,80%,51%,252,63.00%,
298,Dasha,Pattingson,73%,65%,74%,70%,281,70.50%,
299,Emilie,Mantz,46%,49%,46%,52%,193,48.25%,
300,Ashil,Conre,41%,52%,35%,49%,177,44.25%,
301,Oralie,Jewar,50%,63%,48%,60%,221,55.25%,
302,Berkly,Bootton,93%,78%,95%,81%,347,86.75%,
303,Gus,Highton,96%,85%,98%,70%,349,87.25%,
304,Gerardo,Greenly,47%,54%,46%,53%,200,50.00%,
305,Bradan,Tree,54%,52%,55%,52%,213,53.25%,
306,Tomkin,Filde,59%,52%,60%,53%,224,56.00%,
307,Evonne,Hughesdon,76%,71%,77%,60%,284,71.00%,
308,Rorke,Grieves,72%,84%,70%,82%,308,77.00%,
309,Simona,Mouan,89%,90%,88%,90%,357,89.25%,
310,Shirleen,Bonicelli,80%,69%,77%,73%,299,74.75%,
311,Mattheus,Jandera,85%,75%,83%,80%,323,80.75%,
312,Den,Learie,60%,43%,55%,48%,206,51.50%,
313,Bernardo,Perutto,45%,65%,54%,57%,221,55.25%,
314,Emmy,Pibsworth,60%,65%,55%,70%,250,62.50%,
315,Melisenda,Gaspar,70%,78%,60%,80%,288,72.00%,
316,Gisela,Pittford,65%,45%,70%,50%,230,57.50%,
317,Filippo,Causon,74%,79%,80%,77%,310,77.50%,
318,Hilary,Baldelli,73%,48%,60%,65%,246,61.50%,
319,Melly,Gaish,64%,69%,50%,65%,248,62.00%,
320,Rosmunda,Ebrall,60%,66%,55%,78%,259,64.75%,
321,Inigo,Charette,75%,60%,62%,66%,263,65.75%,
322,La verne,Trowill,80%,66%,73%,69%,288,72.00%,
323,Delcina,Prendergrast,65%,50%,70%,63%,248,62.00%,
324,Carolan,Cashell,90%,82%,85%,81%,338,84.50%,
325,Harriet,Gethins,75%,86%,81%,83%,325,81.25%,
326,Biron,Moodie,84%,75%,90%,77%,326,81.50%,
327,Bale,Stamper,64%,76%,59%,74%,273,68.25%,
328,Vergil,Moukes,55%,45%,63%,50%,213,53.25%,
329,Foster,Petru,45%,66%,60%,78%,249,62.25%,
330,Orin,Asaaf,70%,75%,55%,66%,266,66.50%,
331,Emmery,Janca,72%,55%,67%,45%,239,59.75%,
332,Beltran,Leemans,78%,60%,68%,55%,261,65.25%,
333,Vonni,Iskower,40%,60%,45%,54%,199,49.75%,
334,Leonidas,Matteucci,47%,70%,60%,86%,263,65.75%,
335,Ellette,Wyne,98%,80%,85%,75%,338,84.50%,
336,Odey,Casazza,82%,65%,73%,70%,290,72.50%,
337,Trixie,Vinter,64%,49%,77%,56%,246,61.50%,
338,Reba,Zanardii,55%,52%,68%,50%,225,56.25%,
339,Katlin,Jeandon,70%,63%,79%,55%,267,66.75%,
340,Aubine,Galgey,85%,78%,98%,80%,341,85.25%,
341,Mel,Battershall,89%,85%,100%,82%,356,89.00%,
342,Marga,Kuschek,63%,54%,77%,60%,254,63.50%,
343,Cassaundra,Justham,66%,52%,82%,60%,260,65.00%,
344,Kathy,Costy,67%,55%,78%,60%,260,65.00%,
345,Kay,Furzey,77%,71%,85%,75%,308,77.00%,
346,Patton,Ockenden,75%,84%,62%,80%,301,75.25%,
347,Ly,Rego,95%,82%,88%,80%,345,86.25%,
348,Gisella,Davidek,82%,88%,74%,85%,329,82.25%,
349,Kendrick,Charnock,92%,75%,85%,71%,323,80.75%,
350,Christopher,Moniker,70%,43%,63%,50%,226,56.50%,
351,Noe,Grimsdale,71%,65%,55%,60%,251,62.75%,
352,Wenonah,Chesworth,55%,60%,40%,65%,220,55.00%,
353,Rhona,Claye,72%,78%,44%,74%,268,67.00%,
354,Rockey,Foli,69%,79%,49%,85%,282,70.50%,
355,Rex,Wixon,71%,79%,55%,75%,280,70.00%,
356,Geoffrey,Roullier,77%,48%,65%,65%,255,63.75%,
357,Willey,Riepel,53%,65%,60%,72%,250,62.50%,
358,Guthrie,Gloster,66%,62%,55%,68%,251,62.75%,
359,Charlot,Kollas,80%,75%,72%,73%,300,75.00%,
360,Kenneth,Featherstone,72%,55%,67%,50%,244,61.00%,
361,Langsdon,Yakolev,65%,58%,72%,55%,250,62.50%,
362,Hillary,Donavan,75%,67%,80%,60%,282,70.50%,
363,Muffin,Faragher,64%,42%,53%,45%,204,51.00%,
364,Gratia,Caulwell,63%,45%,55%,50%,213,53.25%,
365,Emyle,Rois,81%,65%,73%,61%,280,70.00%,
366,Sigismond,Scotchforth,62%,49%,55%,56%,222,55.50%,
367,Agathe,Harby,65%,52%,59%,60%,236,59.00%,
368,Julio,Archell,55%,63%,71%,70%,259,64.75%,
369,Jesus,Renner,87%,78%,82%,87%,334,83.50%,
370,Osborn,Beals,90%,85%,95%,94%,364,91.00%,
371,Peadar,Orrett,55%,65%,50%,54%,224,56.00%,
372,Brandon,Iddens,75%,55%,67%,60%,257,64.25%,
373,Colette,Hall,70%,52%,63%,63%,248,62.00%,
374,Frederick,Radford,78%,71%,80%,74%,303,75.75%,
375,Cynthia,Deighan,70%,74%,62%,80%,286,71.50%,
376,Madison,Tidgewell,80%,90%,75%,85%,330,82.50%,
377,Selestina,Lapsley,70%,69%,80%,75%,294,73.50%,
378,Alvie,O'Gavin,83%,75%,85%,80%,323,80.75%,
379,Vaughn,Margarson,64%,51%,60%,47%,222,55.50%,
380,Melisenda,Burnsides,71%,65%,72%,70%,278,69.50%,
381,Aurore,Tomasian,53%,65%,50%,60%,228,57.00%,
382,Parrnell,Kaminski,67%,78%,70%,80%,295,73.75%,
383,Beatrix,Clemo,85%,70%,79%,77%,311,77.75%,
384,Hugibert,James,65%,79%,70%,82%,296,74.00%,
385,Valle,Semon,56%,52%,45%,68%,221,55.25%,
386,Kessia,Escritt,62%,69%,55%,72%,258,64.50%,
387,Esteban,Quinnell,50%,66%,55%,78%,249,62.25%,
388,Kaia,Varrow,60%,78%,72%,66%,276,69.00%,
389,Elisabet,Guthrie,84%,84%,92%,90%,350,87.50%,
390,Callean,Turford,74%,59%,65%,55%,253,63.25%,
391,Krisha,Jery,77%,75%,65%,67%,284,71.00%,
392,Jyoti,Corke,70%,86%,75%,90%,321,80.25%,
393,Danie,Farland,82%,72%,80%,77%,311,77.75%,
394,Leonerd,Glaysher,64%,72%,75%,65%,276,69.00%,
395,Rois,Shinner,62%,49%,56%,50%,217,54.25%,
396,Saleem,Biasi,55%,52%,42%,50%,199,49.75%,
397,Elayne,Meriott,60%,63%,45%,58%,226,56.50%,
398,Hartwell,Iacovo,89%,75%,89%,75%,328,82.00%,
399,Opaline,Thunders,65%,73%,55%,70%,263,65.75%,
400,Abbe,Heale,57%,65%,59%,64%,245,61.25%,
401,Henrie,Bryceson,73%,80%,55%,77%,285,71.25%,
402,Stormie,Keates,89%,78%,92%,83%,342,85.50%,
403,Quentin,McGrey,77%,85%,89%,83%,334,83.50%,
404,Ivor,Quipp,85%,79%,94%,77%,335,83.75%,
405,Randi,Hawney,64%,68%,73%,71%,276,69.00%,
406,Roberta,Yeldon,45%,69%,73%,72%,259,64.75%,
407,Lauritz,Connealy,54%,66%,59%,73%,252,63.00%,
408,Gretal,Collacombe,61%,75%,58%,66%,260,65.00%,
409,Mirna,Deavall,65%,44%,67%,42%,218,54.50%,
410,Noell,Dolman,62%,45%,65%,55%,227,56.75%,
411,Shaun,Arnason,69%,54%,65%,60%,248,62.00%,
412,Chickie,Bumpass,53%,72%,48%,64%,237,59.25%,
413,Camey,Keefe,72%,45%,63%,57%,237,59.25%,
414,Ethelred,Vasyagin,81%,65%,75%,71%,292,73.00%,
415,Weidar,Kann,59%,49%,53%,52%,213,53.25%,
416,Den,Jantel,43%,52%,32%,55%,182,45.50%,
417,Andee,Lamplugh,72%,63%,77%,68%,280,70.00%,
418,Whitaker,Brockie,88%,82%,98%,79%,347,86.75%,
419,Hyacintha,Swayland,100%,91%,100%,85%,376,94.00%,
420,Myles,Frossell,66%,57%,73%,54%,250,62.50%,
421,Torin,Gouck,64%,52%,55%,51%,222,55.50%,
422,Roderick,Fotheringham,61%,52%,73%,59%,245,61.25%,
423,Rainer,Pail,84%,75%,78%,77%,314,78.50%,
424,Teresita,Bicker,79%,84%,75%,89%,327,81.75%,
425,Prudi,Pawlett,95%,92%,88%,90%,365,91.25%,
426,Darby,Suett,67%,70%,55%,69%,261,65.25%,
427,Alejoa,Shurrocks,77%,73%,89%,75%,314,78.50%,
428,Heriberto,Feedome,56%,43%,62%,50%,211,52.75%,
429,Rhonda,Fenimore,56%,64%,45%,65%,230,57.50%,
430,Padraig,Sego,73%,65%,69%,71%,278,69.50%,
431,Blinny,Itzig,54%,82%,44%,78%,258,64.50%,
432,Conni,Reany,63%,50%,65%,45%,223,55.75%,
433,Pierce,Klimashevich,62%,81%,74%,79%,296,74.00%,
434,Sharline,Strudwick,58%,54%,67%,69%,248,62.00%,
435,Dominique,Greiswood,45%,69%,55%,72%,241,60.25%,
436,Davide,Rodell,49%,66%,59%,78%,252,63.00%,
437,Gabe,Staynes,75%,75%,68%,66%,284,71.00%,
438,Leila,Whistan,60%,44%,67%,42%,213,53.25%,
439,Hatti,Eyles,74%,82%,65%,77%,298,74.50%,
440,Port,Wesgate,69%,54%,62%,60%,245,61.25%,
441,Naoma,Hopfner,55%,70%,48%,65%,238,59.50%,
442,Kelby,Ronisch,77%,45%,62%,51%,235,58.75%,
443,April,Crowder,79%,64%,75%,69%,287,71.75%,
444,Petr,Ganny,59%,49%,45%,56%,209,52.25%,
445,Shari,Krikorian,44%,52%,32%,53%,181,45.25%,
446,Marje,Dennington,81%,63%,90%,78%,312,78.00%,
447,Emmery,Lorenzetto,91%,78%,98%,83%,350,87.50%,
448,Casey,Eymer,90%,81%,88%,85%,344,86.00%,
449,Bennie,Cobson,45%,60%,52%,54%,211,52.75%,
450,Ximenez,Bang,59%,65%,55%,60%,239,59.75%,
451,Tanhya,Goldsby,64%,63%,55%,52%,234,58.50%,
452,Rube,Mowat,78%,72%,82%,71%,303,75.75%,
453,Isaiah,Eberst,79%,86%,72%,84%,321,80.25%,
454,Kellby,Grzeskowski,79%,77%,88%,75%,319,79.75%,
455,Edsel,Fishpool,82%,75%,94%,69%,320,80.00%,
456,Roger,Cunah,78%,74%,89%,75%,316,79.00%,
457,Filberto,McElree,55%,50%,63%,43%,211,52.75%,
458,Aleece,Tick,45%,70%,56%,65%,236,59.00%,
459,Ofella,McClenan,45%,75%,62%,65%,247,61.75%,
460,Chelsae,Rimmer,65%,82%,44%,78%,269,67.25%,
461,Galen,Longhi,67%,50%,74%,45%,236,59.00%,
462,Torrence,Mobley,69%,83%,74%,79%,305,76.25%,
463,Stillman,Arnaut,48%,55%,64%,65%,232,58.00%,
464,Starlin,Shurmer,45%,69%,55%,72%,241,60.25%,
465,Kevan,Elwell,49%,66%,59%,78%,252,63.00%,
466,Horton,Yukhnini,75%,75%,68%,66%,284,71.00%,
467,Dara,Ferrier,53%,44%,67%,42%,206,51.50%,
468,Gianni,Rodder,74%,57%,65%,55%,251,62.75%,
469,Vite,Phethean,72%,56%,62%,54%,244,61.00%,
470,Erinna,Brotherhed,75%,84%,59%,86%,304,76.00%,
471,Jacquenetta,Milesop,72%,53%,65%,45%,235,58.75%,
472,Brent,Cowlam,83%,69%,75%,65%,292,73.00%,
473,Angil,Perillo,54%,72%,45%,66%,237,59.25%,
474,Lisle,Nugent,49%,52%,59%,55%,215,53.75%,
475,Maryrose,Schlagtmans,54%,65%,45%,63%,227,56.75%,
476,Clareta,Feldhorn,77%,82%,69%,78%,306,76.50%,
477,Towny,Syce,94%,87%,100%,86%,367,91.75%,
478,Dalli,Cottham,53%,56%,45%,55%,209,52.25%,
479,Hussein,Linnitt,65%,55%,59%,52%,231,57.75%,
480,Gayleen,Vardy,72%,55%,61%,54%,242,60.50%,
481,Dannie,Laimable,78%,74%,83%,71%,306,76.50%,
482,Zed,Spratling,72%,82%,68%,77%,299,74.75%,
483,Jeremiah,Kohlerman,75%,88%,79%,90%,332,83.00%,
484,Dietrich,Amys,90%,79%,94%,82%,345,86.25%,
485,Heinrik,Kilfoyle,89%,74%,81%,75%,319,79.75%,
486,Annadiane,Moakson,55%,45%,60%,43%,203,50.75%,
487,Linn,Crang,69%,60%,73%,65%,267,66.75%,
488,Saundra,Hansed,33%,54%,47%,52%,186,46.50%,
489,Karyl,Horburgh,89%,76%,82%,78%,325,81.25%,
490,Barnabe,Monkhouse,75%,67%,89%,65%,296,74.00%,
491,Meredeth,Greasley,74%,75%,83%,79%,311,77.75%,
492,Pam,Crannage,68%,78%,56%,75%,277,69.25%,
493,Matty,Mussard,84%,74%,72%,72%,302,75.50%,
494,Nessa,Norris,49%,64%,59%,62%,234,58.50%,
495,Alyce,Mewhirter,59%,75%,45%,69%,248,62.00%,
496,Cecilio,Turneux,54%,74%,67%,72%,267,66.75%,
497,Nona,Arunowicz,65%,49%,72%,55%,241,60.25%,
498,Stanislaw,Gilks,64%,53%,72%,54%,243,60.75%,
499,Kirby,Ridgway,70%,89%,82%,86%,327,81.75%,
500,Hermina,Allard,88%,72%,81%,75%,316,79.00%,
501,Christie,Whyffen,84%,76%,79%,73%,312,78.00%,
502,Melinde,Ogers,74%,83%,67%,80%,304,76.00%,
503,Cheri,O'Loghlen,58%,69%,47%,63%,237,59.25%,
504,Aida,Ashenhurst,62%,67%,45%,63%,237,59.25%,
505,Richmound,Davitashvili,87%,80%,75%,78%,320,80.00%,
506,Angel,McEachern,100%,83%,93%,85%,361,90.25%,
507,Stephannie,Cabrara,54%,65%,45%,62%,226,56.50%,
508,Ingrim,McNeillie,67%,54%,60%,52%,233,58.25%,
509,Noach,Wiggam,61%,55%,69%,53%,238,59.50%,
510,Errick,Charters,83%,90%,78%,89%,340,85.00%,
511,Winfred,Sextie,74%,87%,71%,84%,316,79.00%,
512,Corenda,Sirr,92%,97%,88%,95%,372,93.00%,
513,Katerina,Burnip,94%,90%,82%,88%,354,88.50%,
514,Murdoch,Lewins,86%,72%,89%,70%,317,79.25%,
515,Allard,Coveny,56%,43%,63%,44%,206,51.50%,
516,Fredi,De Courtney,45%,70%,48%,65%,228,57.00%,
517,Abbe,Sandars,85%,74%,89%,73%,321,80.25%,
518,Donn,Pietersma,56%,73%,44%,64%,237,59.25%,
519,Aaron,Banford,89%,75%,85%,69%,318,79.50%,
520,Elsworth,Jerzyk,74%,66%,77%,65%,282,70.50%,
521,Robinson,Parrett,56%,68%,45%,65%,234,58.50%,
522,Steffi,Jacobssen,73%,69%,55%,66%,263,65.75%,
523,Jenine,Haggata,55%,79%,49%,78%,261,65.25%,
524,Mellie,Glander,77%,86%,68%,82%,313,78.25%,
525,Abbot,Heckney,87%,96%,74%,89%,346,86.50%,
526,Celene,Hann,75%,83%,65%,78%,301,75.25%,
527,Maribelle,Darinton,70%,54%,79%,52%,255,63.75%,
528,Theodore,Titterrell,54%,71%,48%,65%,238,59.50%,
529,Mortie,Darke,65%,45%,72%,50%,232,58.00%,
530,Dannel,Nockles,80%,65%,75%,69%,289,72.25%,
531,Pierre,Kail,70%,51%,72%,56%,249,62.25%,
532,Nicolas,Jiri,88%,74%,80%,76%,318,79.50%,
533,Linell,Alexis,59%,69%,52%,63%,243,60.75%,
534,Cordi,Mackrell,98%,84%,92%,82%,356,89.00%,
535,Moises,Gronou,89%,87%,96%,85%,357,89.25%,
536,Sheffie,Manuello,45%,70%,56%,72%,243,60.75%,
537,Kelley,Glencross,50%,63%,46%,52%,211,52.75%,
538,Bran,Leatherborrow,69%,77%,61%,74%,281,70.25%,
539,Becky,Yellop,85%,80%,92%,71%,328,82.00%,
540,Hayward,Eagleton,83%,74%,68%,70%,295,73.75%,
541,Cal,Hospital,92%,60%,77%,63%,292,73.00%,
542,Georgie,Blant,73%,77%,55%,80%,285,71.25%,
543,Ursulina,Mathys,89%,79%,84%,75%,327,81.75%,
544,Zeb,Dulin,67%,55%,45%,53%,220,55.00%,
545,Reuben,Blaske,63%,73%,45%,70%,251,62.75%,
546,Martita,Merrifield,57%,74%,49%,72%,252,63.00%,
547,Abran,Gilogly,60%,75%,42%,78%,255,63.75%,
548,Jeffie,Lethabridge,79%,56%,65%,52%,252,63.00%,
549,Kyla,Gedge,79%,63%,74%,65%,281,70.25%,
550,Paul,Stillman,50%,48%,45%,67%,112,56%,
551,Mcgee,Starlin,58%,69%,55%,71%,126,63%,
552,Underwood,Kevan,63%,66%,59%,70%,129,65%,
553,Clemons,Horton,75%,75%,68%,70%,138,69%,
554,Mcdowell,Dara,85%,44%,67%,40%,107,54%,
555,Tillman,Gianni,50%,45%,65%,50%,115,58%,
556,Decker,Vite,55%,54%,65%,60%,125,63%,
557,Lancaster,Erinna,85%,86%,48%,83%,131,66%,
558,Walker,Jacquenetta,68%,45%,86%,50%,136,68%,
559,Underwood,Brent,73%,65%,75%,63%,138,69%,
560,Boone,Angil,50%,49%,45%,62%,107,54%,
561,Underwood,Lisle,55%,52%,32%,55%,87,44%,
562,Rivett,Maryrose,60%,63%,45%,60%,105,53%,
563,Lancaster,Clareta,88%,78%,98%,73%,171,86%,
564,Henstridge,Towny,82%,85%,100%,88%,188,94%,
565,Tebbett,Dalli,50%,54%,45%,57%,102,51%,
566,Henstridge,Hussein,50%,52%,55%,50%,105,53%,
567,Mcgee,Gayleen,57%,52%,65%,55%,120,60%,
568,Shade,Dannie,75%,71%,80%,73%,153,77%,
569,Melmore,Zed,75%,84%,65%,86%,151,76%,
570,Flooks,Jeremiah,90%,90%,85%,87%,172,86%,
571,Scala,Dietrich,81%,69%,94%,60%,154,77%,
572,Guerre,Heinrik,80%,75%,89%,70%,159,80%,
573,Benadette,Annadiane,68%,43%,81%,72%,153,77%,
574,Tolomelli,Linn,75%,65%,82%,72%,154,77%,
575,Tillman,Saundra,47%,65%,33%,50%,83,42%,
576,Boone,Karyl,65%,78%,44%,77%,121,61%,
577,Lancaster,Barnabe,78%,45%,89%,40%,129,65%,
578,Mcdowell,Meredeth,76%,79%,74%,78%,152,76%,
579,Tebbett,Pam,55%,48%,45%,67%,112,56%,
580,Halworth,Matty,50%,69%,55%,73%,128,64%,
581,Caughtry,Nessa,52%,66%,59%,79%,138,69%,
582,Harbage,Alyce,76%,75%,68%,65%,133,67%,
583,Tuke,Cecilio,84%,44%,67%,42%,109,55%,
584,Fenney,Nona,50%,45%,65%,55%,120,60%,
585,Ivatts,Stanislaw,60%,54%,65%,50%,115,58%,
586,Rivett,Kirby,62%,86%,48%,85%,133,67%,
587,Bedle,Hermina,75%,45%,86%,48%,134,67%,
588,Hought,Christie,62%,65%,75%,63%,138,69%,
589,Echelle,Melinde,53%,49%,45%,57%,102,51%,
590,Degoix,Cheri,40%,52%,32%,50%,82,41%,
591,Sushams,Aida,55%,63%,45%,61%,106,53%,
592,Rangell,Richmound,88%,78%,98%,75%,173,87%,
593,McCromley,Angel,90%,85%,100%,80%,180,90%,
594,Standingford,Stephannie,58%,54%,45%,56%,101,51%,
595,Braunfeld,Ingrim,50%,52%,55%,50%,105,53%,
596,Craghead,Noach,58%,52%,61%,55%,116,58%,
597,Flaonier,Errick,70%,71%,78%,70%,148,74%,
598,O'Donovan,Winfred,70%,84%,68%,80%,148,74%,
599,De Cleyne,Corenda,88%,90%,85%,95%,180,90%,
600,L'oiseau,Katerina,85%,69%,94%,71%,165,83%,
601,Whitnell,Murdoch,84%,75%,89%,75%,164,82%,
602,Salazar,Allard,50%,43%,55%,44%,99,50%,
603,Rubinivitz,Fredi,52%,65%,45%,63%,108,54%,
604,Kid,Abbe,43%,65%,33%,66%,99,50%,
605,Blindt,Donn,60%,78%,44%,77%,121,61%,
606,Wilds,Aaron,80%,45%,89%,46%,135,68%,
607,Jeeves,Elsworth,80%,79%,74%,80%,154,77%,
608,Behne,Robinson,54%,48%,45%,66%,111,56%,
609,Kenway,Steffi,50%,69%,60%,73%,133,67%,
610,Stollwerk,Jenine,55%,66%,59%,83%,142,71%,
611,Klimke,Mellie,77%,75%,68%,82%,150,75%,
612,Faucett,Abbot,80%,44%,67%,42%,109,55%,
613,Genge,Celene,60%,45%,65%,55%,120,60%,
614,Henstridge,Maribelle,63%,54%,65%,54%,119,60%,
615,Gayle,Theodore,55%,86%,48%,85%,133,67%,
616,Licciardello,Mortie,70%,45%,86%,40%,126,63%,
617,Shadrack,Dannel,70%,65%,75%,70%,145,73%,
618,Ashcroft,Pierre,53%,49%,45%,56%,101,51%,
619,Mapowder,Nicolas,40%,52%,32%,52%,84,42%,
620,Bullan,Linell,49%,63%,45%,65%,110,55%,
621,O' Bee,Cordi,88%,78%,98%,70%,168,84%,
622,Catherall,Moises,90%,85%,100%,84%,184,92%,
623,Carleton,Sheffie,50%,54%,45%,58%,103,52%,
624,Fust,Kelley,55%,52%,55%,53%,108,54%,
625,Bentote,Bran,58%,52%,61%,51%,112,56%,
626,Booij,Becky,73%,71%,78%,70%,148,74%,
627,Cliss,Hayward,75%,84%,68%,82%,150,75%,
628,Edgecumbe,Cal,90%,90%,88%,90%,178,89%,
629,Farington,Georgie,85%,69%,94%,67%,161,81%,
630,Collisson,Ursulina,83%,75%,89%,76%,165,83%,
631,Hanssmann,Zeb,52%,43%,55%,40%,95,48%,
632,Jeanneau,Reuben,52%,65%,45%,60%,105,53%,
633,Parmeter,Martita,50%,65%,33%,65%,98,49%,
634,Bole,Abran,53%,78%,44%,78%,122,61%,
635,Arden,Jeffie,75%,45%,89%,42%,131,66%,
636,Paladini,Kyla,77%,79%,74%,80%,154,77%,
637,Dedam,Archibald,55%,48%,45%,65%,110,55%,
638,Levane,Derick,53%,69%,55%,72%,127,64%,
639,Drivers,Harley,55%,66%,59%,78%,137,69%,
640,Metherell,Brandea,75%,75%,68%,62%,130,65%,
641,Goymer,Luther,81%,44%,67%,42%,109,55%,
642,Duggan,Gussie,61%,45%,65%,55%,120,60%,
643,Duckering,Gavrielle,64%,54%,65%,50%,115,58%,
644,Raddish,Evelina,58%,86%,48%,81%,129,65%,
645,Winham,Adolphus,80%,45%,86%,45%,131,66%,
646,Trulocke,Cameron,73%,65%,75%,70%,145,73%,
647,Pudge,Derick,48%,49%,45%,57%,102,51%,
648,Rimes,Joaquin,35%,52%,32%,50%,82,41%,
649,Gouny,Lesley,50%,63%,45%,62%,107,54%,
650,Blaxley,Maris,90%,78%,98%,71%,169,85%,
651,Lamble,Clement,90%,85%,100%,84%,184,92%,
652,Botterman,Joelle,47%,54%,45%,54%,99,50%,
653,Lamanby,Rozelle,55%,52%,55%,50%,105,53%,
654,Brownsword,Kippie,61%,52%,61%,55%,116,58%,
655,Shade,Lazare,75%,71%,78%,71%,149,75%,
656,Melmore,Cordey,72%,84%,68%,83%,151,76%,
657,Flooks,Ives,87%,90%,88%,92%,180,90%,
658,Scala,Zeke,83%,69%,94%,70%,164,82%,
659,Guerre,Jeniece,88%,75%,89%,74%,163,82%,
660,Benadette,Gregoor,52%,43%,55%,41%,96,48%,
661,Tolomelli,Amabelle,51%,65%,45%,60%,105,53%,
662,Mogg,Corty,51%,65%,33%,68%,101,51%,
663,Stallan,Cissiee,55%,78%,44%,85%,129,65%,
664,Smead,Brig,80%,45%,89%,55%,144,72%,
665,Settle,Kassie,75%,79%,74%,80%,154,77%,
666,Cochrane,Gris,58%,48%,45%,65%,110,55%,
667,Frift,Breanne,47%,69%,55%,72%,127,64%,
668,Hearthfield,Brigida,51%,66%,59%,80%,139,70%,
669,Cale,Finn,75%,75%,68%,66%,134,67%,
670,Balshaw,Gregorius,80%,44%,67%,42%,109,55%,
671,Davenall,Rosalia,60%,45%,65%,55%,120,60%,
672,Sillick,Jasmine,61%,54%,65%,54%,119,60%,
673,Curdell,Edyth,70%,86%,48%,85%,133,67%,
674,Dowber,Alvin,80%,45%,86%,40%,126,63%,
675,Flatt,Karel,72%,65%,75%,58%,133,67%,
676,Tatlock,Reginauld,45%,49%,45%,60%,105,53%,
677,MacCardle,Melloney,40%,52%,32%,50%,82,41%,
678,Oboy,Lyndsie,47%,63%,45%,62%,107,54%,
679,Shackel,Emlyn,91%,78%,98%,80%,178,89%,
680,Brechin,Katrina,95%,85%,100%,82%,182,91%,
681,Borsay,Phylys,49%,54%,45%,54%,99,50%,
682,Limmer,Fonz,52%,52%,55%,53%,108,54%,
683,Marriot,Noble,60%,52%,61%,50%,111,56%,
684,Geer,Bertie,70%,71%,78%,70%,148,74%,
685,Grouer,Orland,70%,84%,68%,82%,150,75%,
686,Konig,Joe,92%,90%,88%,100%,188,94%,
687,Poon,Sher,85%,69%,94%,70%,164,82%,
688,Wieprecht,Corrie,80%,75%,89%,74%,163,82%,
689,Daburn,Billy,55%,43%,55%,45%,100,50%,
690,Jedrzaszkiewicz,Claudius,50%,65%,45%,63%,108,54%,
691,Stillman,Leila,45%,65%,33%,67%,100,50%,
692,Starlin,Rosita,52%,78%,44%,83%,127,64%,
693,Kevan,Rustin,82%,45%,89%,50%,139,70%,
694,Horton,Felita,74%,79%,74%,75%,149,75%,
695,Dara,Michele,58%,48%,45%,70%,115,58%,
696,Gianni,Shanda,45%,69%,55%,72%,127,64%,
697,Vite,Patrizius,52%,66%,59%,78%,137,69%,
698,Erinna,Odie,75%,75%,68%,63%,131,66%,
699,Jacquenetta,Fayre,90%,44%,67%,42%,109,55%,
700,Brent,Norbert,65%,45%,65%,55%,120,60%,
701,Angil,Domenic,62%,54%,65%,54%,119,60%,
702,Lisle,Britt,55%,86%,48%,100%,148,74%,
703,Maryrose,Delcine,80%,45%,86%,45%,131,66%,
704,Clareta,Sibby,73%,65%,75%,62%,137,69%,
705,Towny,Engracia,44%,49%,45%,56%,101,51%,
706,Dalli,Milicent,38%,52%,32%,52%,84,42%,
707,Hussein,Marten,47%,63%,45%,70%,115,58%,
708,Gayleen,Constance,92%,78%,98%,77%,175,88%,
709,Dannie,Chrissy,90%,85%,100%,86%,186,93%,
710,Zed,Pauly,45%,54%,45%,56%,101,51%,
711,Jeremiah,Matthias,55%,52%,55%,50%,105,53%,
712,Dietrich,Sammy,60%,52%,61%,50%,111,56%,
713,Heinrik,Florencia,78%,71%,78%,70%,148,74%,
714,Annadiane,Far,70%,84%,68%,85%,153,77%,
715,Linn,Costanza,90%,90%,88%,88%,176,88%,
716,Saundra,Aeriela,88%,69%,94%,70%,164,82%,
717,Karyl,Rayna,85%,75%,89%,80%,169,85%,
718,Barnabe,Shurlock,54%,43%,55%,42%,97,49%,
719,Meredeth,Stewart,45%,65%,45%,65%,110,55%,
720,Pam,Devlin,35%,65%,33%,70%,103,52%,
721,Matty,Shina,60%,78%,44%,72%,116,58%,
722,Nessa,Juan,82%,45%,89%,47%,136,68%,
723,Alyce,Wally,75%,79%,74%,80%,154,77%,
724,Cecilio,Godfrey,55%,48%,45%,66%,111,56%,
725,Nona,Euell,45%,69%,55%,72%,127,64%,
726,Stanislaw,Devonne,56%,66%,59%,78%,137,69%,
727,Kirby,Tades,75%,75%,68%,66%,134,67%,
728,Hermina,Clarice,91%,44%,67%,42%,109,55%,
729,Christie,Robyn,60%,45%,65%,55%,120,60%,
730,Melinde,Deeanne,65%,54%,65%,54%,119,60%,
731,Cheri,Zanardii,50%,86%,48%,90%,138,69%,
732,Aida,Jeandon,85%,45%,86%,45%,131,66%,
733,Richmound,Galgey,70%,65%,75%,66%,141,71%,
734,Angel,Battershall,50%,49%,45%,56%,101,51%,
735,Stephannie,Kuschek,35%,52%,32%,53%,85,43%,
736,Ingrim,Justham,47%,63%,45%,62%,107,54%,
737,Noach,Costy,88%,78%,98%,77%,175,88%,
738,Errick,Furzey,90%,85%,100%,86%,186,93%,
739,Winfred,Ockenden,47%,54%,45%,53%,98,49%,
740,Corenda,Rego,55%,52%,55%,52%,107,54%,
741,Katerina,Davidek,62%,52%,61%,55%,116,58%,
742,Murdoch,Charnock,75%,71%,78%,71%,149,75%,
743,Allard,Moniker,71%,84%,68%,88%,156,78%,
744,Fredi,Grimsdale,87%,90%,88%,85%,173,87%,
745,Abbe,Chesworth,90%,69%,94%,70%,164,82%,
746,Donn,Claye,85%,75%,89%,69%,158,79%,
747,Aaron,Foli,55%,43%,55%,43%,98,49%,
748,Elsworth,Wixon,46%,65%,45%,65%,110,55%,
749,Robinson,Roullier,38%,65%,33%,70%,103,52%,
750,Steffi,Riepel,45%,78%,44%,82%,126,63%,
751,Jenine,Gloster,85%,45%,89%,45%,134,67%,
752,Mellie,Kollas,75%,79%,74%,79%,153,77%,
753,Abbot,Featherstone,55%,48%,45%,65%,110,55%,
754,Celene,Yakolev,47%,69%,55%,72%,127,64%,
755,Maribelle,Donavan,52%,66%,59%,78%,137,69%,
756,Theodore,Faragher,75%,75%,68%,66%,134,67%,
757,Mortie,Caulwell,88%,44%,67%,50%,117,59%,
758,Dannel,Rois,63%,45%,65%,55%,120,60%,
759,Pierre,Scotchforth,64%,54%,65%,54%,119,60%,
760,Nicolas,Harby,48%,86%,48%,83%,131,66%,
761,Linell,Archell,81%,45%,86%,45%,131,66%,
762,Cordi,Renner,73%,65%,75%,68%,143,72%,
763,Moises,Beals,45%,49%,45%,62%,107,54%,
764,Sheffie,Orrett,32%,52%,32%,52%,84,42%,
765,Kelley,Iddens,45%,63%,45%,65%,110,55%,
766,Bran,Hall,88%,78%,98%,77%,175,88%,
767,Becky,Radford,95%,85%,100%,92%,192,96%,
768,Hayward,Deighan,47%,54%,45%,58%,103,52%,
769,Cal,Tidgewell,55%,52%,55%,48%,103,52%,
770,Georgie,Lapsley,60%,52%,61%,50%,111,56%,
771,Ursulina,O'Gavin,73%,71%,78%,70%,148,74%,
772,Zeb,Margarson,73%,84%,68%,83%,151,76%,
773,Reuben,Burnsides,92%,90%,88%,88%,176,88%,
774,Martita,Tomasian,87%,69%,94%,69%,163,82%,
775,Abran,Kaminski,85%,75%,89%,74%,163,82%,
776,Jeffie,Clemo,52%,43%,55%,44%,99,50%,
777,Kyla,James,48%,65%,45%,50%,95,48%,
778,Archibald,Semon,49%,65%,33%,64%,97,49%,
779,Derick,Escritt,55%,78%,44%,82%,126,63%,
780,Harley,Quinnell,70%,45%,89%,46%,135,68%,
781,Brandea,Varrow,75%,79%,74%,80%,154,77%,
782,Luther,Guthrie,58%,48%,45%,67%,112,56%,
783,Gussie,Turford,45%,69%,55%,72%,127,64%,
784,Gavrielle,Jery,49%,66%,59%,80%,139,70%,
785,Evelina,Corke,75%,75%,68%,66%,134,67%,
786,Adolphus,Farland,90%,44%,67%,42%,109,55%,
787,Cameron,Glaysher,63%,45%,65%,60%,125,63%,
788,Derick,Shinner,60%,54%,65%,54%,119,60%,
789,Joaquin,Biasi,66%,86%,48%,90%,138,69%,
790,Lesley,Meriott,86%,45%,86%,42%,259,65%,
791,Maris,Iacovo,72%,65%,75%,62%,274,69%,
792,Clement,Thunders,55%,49%,45%,53%,202,51%,
793,Joelle,Heale,52%,52%,32%,52%,188,47%,
794,Rozelle,Bryceson,43%,63%,45%,66%,217,54%,
795,Kippie,Keates,95%,78%,98%,72%,343,86%,
796,Lazare,McGrey,85%,85%,100%,84%,354,89%,
797,Cordey,Quipp,48%,54%,45%,62%,209,52%,
798,Ives,Hawney,55%,52%,55%,50%,212,53%,
799,Zeke,Yeldon,61%,52%,61%,52%,226,57%,
800,Jeniece,Connealy,79%,71%,78%,70%,298,75%,
801,Gregoor,Collacombe,73%,84%,68%,87%,312,78%,
802,Amabelle,Deavall,88%,90%,88%,90%,356,89%,
803,Corty,Dolman,93%,69%,94%,68%,324,81%,
804,Cissiee,Arnason,88%,75%,89%,73%,325,81%,
805,Brig,Bumpass,55%,43%,55%,55%,208,52%,
806,Kassie,Keefe,47%,65%,45%,65%,222,56%,
807,Gris,Vasyagin,39%,65%,33%,63%,200,50%,
808,Breanne,Kann,64%,78%,44%,77%,263,66%,
809,Brigida,Jantel,88%,45%,89%,57%,279,70%,
810,Finn,Lamplugh,77%,77%,74%,72%,300,75%,
811,Gregorius,Brockie,58%,48%,45%,65%,216,54%,
812,Rosalia,Swayland,55%,69%,55%,71%,250,63%,
813,Jasmine,Frossell,49%,66%,59%,78%,252,63%,
814,Edyth,Gouck,76%,75%,68%,66%,285,71%,
815,Alvin,Fotheringham,84%,44%,67%,48%,243,61%,
816,Karel,Pail,65%,45%,65%,55%,230,58%,
817,Reginauld,Bicker,64%,54%,65%,54%,237,59%,
818,Melloney,Pawlett,58%,86%,78%,86%,308,77%,
819,Lyndsie,Suett,87%,45%,86%,47%,265,66%,
820,Emlyn,Shurrocks,75%,65%,75%,65%,280,70%,
821,Katrina,Feedome,46%,49%,45%,56%,196,49%,
822,Phylys,Fenimore,32%,52%,32%,52%,168,42%,
823,Fonz,Sego,45%,63%,45%,63%,216,54%,
824,Noble,Pulham,98%,78%,98%,79%,353,88%,
825,Bertie,Eady,100%,85%,100%,85%,370,93%,
826,Orland,Porteous,45%,54%,45%,54%,198,50%,
827,Joe,Verrell,55%,52%,55%,52%,214,54%,
828,Sher,Kief,61%,52%,61%,54%,228,57%,
829,Corrie,Vasyunin,78%,71%,78%,71%,298,75%,
830,Billy,Meuse,68%,84%,68%,84%,304,76%,
831,Claudius,Polamontayne,87%,90%,88%,90%,355,89%,
832,Leila,Ghiroldi,94%,69%,94%,69%,326,82%,
833,Rosita,Micheli,85%,75%,89%,73%,322,81%,
834,Rustin,Heinecke,55%,43%,55%,33%,186,47%,
835,Felita,Smalman,45%,65%,45%,65%,220,55%,
836,Michele,Abrey,63%,65%,33%,65%,226,57%,
837,Shanda,Facchini,44%,78%,44%,78%,244,61%,
838,Patrizius,Mansford,89%,45%,89%,45%,268,67%,
839,Odie,Glasner,74%,79%,74%,77%,304,76%,
840,Fayre,Mintoff,58%,48%,45%,65%,216,54%,
841,Norbert,Paul,50%,69%,55%,72%,246,62%,
842,Domenic,Mcgee,49%,66%,59%,78%,252,63%,
843,Britt,Underwood,75%,75%,68%,66%,284,71%,
844,Delcine,Clemons,98%,44%,67%,42%,251,63%,
845,Sibby,Mcdowell,65%,45%,65%,55%,230,58%,
846,Engracia,Tillman,65%,54%,65%,54%,238,60%,
847,Milicent,Decker,48%,86%,48%,86%,268,67%,
848,Marten,Lancaster,86%,45%,86%,45%,262,66%,
849,Constance,Walker,75%,65%,75%,65%,280,70%,
850,Chrissy,Underwood,45%,49%,45%,56%,195,49%,
851,Pauly,Boone,32%,52%,32%,52%,168,42%,
852,Matthias,Underwood,45%,63%,45%,63%,216,54%,
853,Sammy,Rivett,98%,78%,98%,78%,352,88%,
854,Florencia,Lancaster,100%,85%,100%,84%,369,92%,
855,Far,Henstridge,45%,54%,55%,53%,207,52%,
856,Costanza,Tebbett,55%,52%,55%,52%,214,54%,
857,Aeriela,Henstridge,61%,52%,71%,52%,236,59%,
858,Rayna,Mcgee,78%,71%,78%,71%,298,75%,
859,Shurlock,Shade,68%,84%,68%,74%,294,74%,
860,Stewart,Melmore,88%,90%,88%,90%,356,89%,
861,Devlin,Flooks,94%,69%,94%,69%,326,82%,
862,Shina,Scala,89%,75%,89%,85%,338,85%,
863,Juan,Guerre,55%,43%,55%,43%,196,49%,
864,Wally,Benadette,45%,65%,45%,65%,220,55%,
865,Godfrey,Tolomelli,33%,65%,33%,75%,206,52%,
866,Euell,Tillman,53%,78%,44%,78%,253,63%,
867,Devonne,Boone,89%,45%,89%,44%,267,67%,
868,Tades,Lancaster,74%,79%,74%,75%,302,76%,
869,Clarice,Mcdowell,58%,48%,45%,65%,216,54%,
870,Robyn,Tebbett,45%,69%,55%,75%,244,61%,
871,Deeanne,Halworth,49%,66%,59%,78%,252,63%,
872,Velma,Caughtry,75%,75%,68%,66%,284,71%,
873,Kibo,Harbage,68%,44%,67%,42%,221,55%,
874,Louis,Tuke,55%,45%,65%,55%,220,55%,
875,Phyllis,Fenney,65%,54%,65%,54%,238,60%,
876,Zenaida,Ivatts,78%,86%,48%,87%,299,75%,
877,Gillian,Rivett,86%,45%,86%,45%,262,66%,
878,Constance,Bedle,75%,65%,75%,65%,280,70%,
879,Giselle,Hought,45%,49%,45%,56%,195,49%,
880,Kirsten,Echelle,52%,52%,32%,52%,188,47%,
881,Bob,Degoix,45%,63%,45%,63%,216,54%,
882,Sem,Sushams,98%,78%,98%,72%,346,87%,
883,Kibo,Rangell,90%,85%,100%,85%,360,90%,
884,Lucy,McCromley,45%,54%,45%,54%,198,50%,
885,Artur,Standingford,55%,52%,55%,62%,224,56%,
886,Taylor,Braunfeld,61%,52%,61%,52%,226,57%,
887,Sue,Craghead,78%,71%,78%,70%,297,74%,
888,John,Flaonier,78%,84%,68%,84%,314,79%,
889,Lucas,O'Donovan,88%,90%,88%,90%,356,89%,
890,Tony,De Cleyne,74%,69%,94%,69%,306,77%,
891,Cutler,L'oiseau,79%,75%,89%,75%,318,80%,
892,Emma,Whitnell,55%,43%,55%,43%,196,49%,
893,Lindo,Salazar,45%,65%,45%,65%,220,55%,
894,Paul,Rubinivitz,63%,65%,33%,65%,226,57%,
895,Sean,Kid,74%,78%,44%,78%,274,69%,
896,Zehra,Blindt,59%,45%,89%,45%,238,60%,
897,William,Wilds,74%,79%,74%,79%,306,77%,
898,Alejandro,Jeeves,48%,48%,45%,65%,206,52%,
899,Patrick,Behne,49%,69%,55%,72%,245,61%,
900,Junior,Kenway,49%,66%,59%,78%,252,63%,
901,Lonnie,Stollwerk,75%,75%,68%,66%,284,71%,
902,Ellerey,Klimke,98%,44%,67%,42%,251,63%,
903,Maurits,Faucett,65%,45%,65%,75%,250,63%,
904,Fulton,Genge,65%,54%,65%,54%,238,60%,
905,Missie,Henstridge,48%,86%,48%,86%,268,67%,
906,Marnie,Gayle,86%,45%,86%,48%,265,66%,
907,Charmain,Licciardello,65%,65%,75%,65%,270,68%,
908,Dotti,Shadrack,45%,49%,45%,56%,195,49%,
909,Dudley,Ashcroft,32%,52%,32%,52%,168,42%,
910,Vidovik,Mapowder,55%,63%,45%,63%,226,57%,
911,Gaylene,Bullan,98%,78%,98%,78%,352,88%,
912,Celestia,O' Bee,100%,85%,100%,85%,370,93%,
913,Imogene,Catherall,45%,54%,45%,54%,198,50%,
914,Ambrosius,Carleton,55%,52%,55%,52%,214,54%,
915,Louise,Fust,51%,52%,61%,52%,216,54%,
916,Bettye,Bentote,78%,71%,78%,71%,298,75%,
917,Stefanie,Booij,78%,84%,68%,84%,314,79%,
918,Jessy,Cliss,88%,90%,88%,90%,356,89%,
919,Stillmann,Edgecumbe,94%,69%,94%,69%,326,82%,
920,Joseito,Stiffkins,89%,75%,89%,75%,328,82%,
921,Jard,Ciobutaru,55%,43%,55%,43%,196,49%,
922,Danielle,Pleming,45%,65%,45%,65%,220,55%,
923,Barry,Haith,33%,65%,33%,65%,196,49%,
924,Lea,Syson,44%,78%,44%,78%,244,61%,
925,Dukey,Steeden,89%,45%,89%,45%,268,67%,
926,Myer,Aust,64%,79%,74%,79%,296,74%,
927,Royce,Donegan,58%,48%,45%,75%,226,57%,
928,Elissa,Egarr,45%,69%,55%,72%,241,60%,
929,Rosalinde,Palombi,49%,66%,59%,58%,232,58%,
930,Virginie,Mozzini,75%,75%,68%,66%,284,71%,
931,Doug,MacEllen,98%,44%,67%,42%,251,63%,
932,Mikey,Gothup,65%,45%,65%,55%,230,58%,
933,Rayshell,Penny,65%,54%,55%,58%,232,58%,
934,Leanna,Driver,48%,86%,48%,86%,268,67%,
935,Raeann,Greber,56%,45%,86%,55%,242,61%,
936,Brinna,Heatley,75%,65%,75%,65%,280,70%,
937,Kerry,Pimbley,45%,49%,45%,56%,195,49%,
938,Aldous,Enbury,32%,52%,32%,52%,168,42%,
939,Benedicta,Ramelet,45%,63%,45%,63%,216,54%,
940,Jennee,O'Calleran,78%,78%,78%,78%,312,78%,
941,Sergent,Gilberthorpe,100%,85%,100%,85%,370,93%,
942,Abdel,Andrews,45%,54%,65%,54%,218,55%,
943,Tyrone,Candwell,55%,52%,55%,52%,214,54%,
944,Esma,Leyson,61%,52%,61%,72%,246,62%,
945,Melanie,Highton,75%,71%,78%,72%,296,74%,
946,Layton,Poile,68%,84%,68%,87%,307,77%,
947,Blair,Manchett,87%,90%,88%,72%,337,84%,
948,Verne,Moyles,84%,69%,64%,68%,285,71%,
949,Libby,Makiver,89%,75%,89%,75%,328,82%,
950,Dolley,Enston,55%,43%,55%,43%,196,49%,
951,Maurise,Slane,45%,65%,85%,65%,260,65%,
952,Renaud,Farrin,33%,65%,33%,65%,196,49%,
953,Tyrone,Fraczek,64%,78%,44%,78%,264,66%,
954,Patrice,Purrington,89%,45%,89%,45%,268,67%,
955,Charmain,Triner,74%,79%,74%,79%,306,77%,
956,Hadley,Bister,58%,48%,45%,65%,216,54%,
957,Mick,Stoakley,45%,69%,55%,72%,241,60%,
958,Darius,Breissan,49%,66%,59%,78%,252,63%,
959,Grata,Venn,75%,75%,68%,66%,284,71%,
960,Indira,Francesch,58%,44%,67%,42%,211,53%,
961,Juline,Renaldo,65%,45%,65%,55%,230,58%,
962,Winfred,Matthus,65%,54%,65%,54%,238,60%,
963,Adria,Pulham,48%,86%,48%,86%,268,67%,
964,Gaven,Eady,86%,45%,86%,45%,262,66%,
965,Anson,Porteous,75%,65%,75%,65%,280,70%,
966,Antin,Verrell,45%,49%,45%,56%,195,49%,
967,Rutherford,Kief,32%,52%,32%,52%,168,42%,
968,Adiana,Vasyunin,55%,63%,45%,63%,226,57%,
969,Carling,Meuse,98%,78%,98%,78%,352,88%,
970,Devlen,Polamontayne,100%,85%,100%,85%,370,93%,
971,Roobbie,Ghiroldi,55%,54%,45%,54%,208,52%,
972,Ban,Micheli,55%,52%,55%,52%,214,54%,
973,Bertie,AnJela,61%,52%,61%,52%,226,57%,
974,Alameda,Julio,78%,71%,78%,76%,303,76%,
975,Cosme,Marry,88%,84%,58%,74%,304,76%,
976,Lexie,Mark,88%,90%,88%,90%,356,89%,
977,Kara,Dina,64%,69%,94%,79%,306,77%,
978,Donalt,Cristin,79%,75%,89%,75%,318,80%,
979,Vida,Justin,55%,43%,55%,43%,196,49%,
980,Claudio,Jenny,45%,65%,45%,65%,220,55%,
981,Carlie,Cototo,33%,65%,33%,65%,196,49%,
982,Tessi,Velma,54%,78%,54%,78%,264,66%,
983,Renaldo,Kibo,89%,45%,89%,45%,268,67%,
984,Matthus,Louis,74%,79%,74%,79%,306,77%,
985,Pulham,Phyllis,58%,48%,45%,65%,216,54%,
986,Eady,Zenaida,45%,69%,55%,72%,241,60%,
987,Porteous,Gillian,49%,66%,59%,78%,252,63%,
988,Verrell,Constance,75%,75%,68%,66%,284,71%,
989,Kief,Giselle,98%,44%,57%,42%,241,60%,
990,Vasyunin,Kirsten,65%,45%,65%,55%,230,58%,
991,Meuse,Bob,65%,54%,65%,57%,241,60%,
992,Polamontayne,Sem,88%,86%,48%,76%,298,75%,
993,Ghiroldi,Kibo,46%,45%,36%,55%,182,46%,
994,Micheli,Lucy,75%,65%,65%,65%,270,68%,
995,Heinecke,Artur,45%,49%,45%,56%,195,49%,
996,Smalman,Taylor,52%,52%,32%,52%,188,47%,
997,Abrey,Sue,65%,63%,45%,73%,246,62%,
998,Facchini,John,98%,78%,58%,88%,322,81%,
999,Mansford,Lucas,100%,85%,40%,85%,310,78%,
1000,Glasner,Tony,45%,54%,45%,54%,198,50%,
1001,Mintoff,Cutler,55%,52%,55%,42%,204,51%,
1002,Alvie,Emma,61%,52%,61%,52%,226,57%,
1003,Vaughn,Lindo,78%,71%,78%,81%,308,77%,
1004,Melisenda,Paul,88%,84%,68%,74%,314,79%,
1005,Aurore,Sean,88%,90%,88%,90%,356,89%,
1006,Parrnell,Zehra,54%,69%,94%,69%,286,72%,
1007,Beatrix,William,89%,75%,89%,75%,328,82%,
1008,Hugibert,Alejandro,55%,43%,55%,43%,196,49%,
1009,Valle,Patrick,45%,65%,45%,68%,223,56%,
1010,Kessia,Junior,33%,65%,33%,65%,196,49%,
1011,Esteban,Lonnie,44%,78%,44%,78%,244,61%,
1012,Kaia,Ellerey,59%,45%,89%,45%,238,60%,
1013,Elisabet,Maurits,74%,79%,74%,79%,306,77%,
1014,Callean,Fulton,58%,48%,45%,65%,216,54%,
1015,Krisha,Missie,65%,69%,55%,72%,261,65%,
1016,Jyoti,Marnie,69%,66%,59%,72%,266,67%,
1017,Danie,Charmain,75%,75%,68%,66%,284,71%,
1018,Leonerd,Dotti,98%,44%,67%,42%,251,63%,
1019,Rois,Dudley,55%,45%,65%,55%,220,55%,
1020,Saleem,Vidovik,65%,54%,65%,54%,238,60%,
1021,Elayne,Gaylene,48%,86%,48%,86%,268,67%,
1022,Petter,Celestia,56%,45%,66%,42%,209,52%,
1023,John,Imogene,65%,65%,65%,65%,260,65%,
1024,Marry,Ambrosius,45%,49%,45%,76%,215,54%,
1025,Mark,Louise,52%,52%,32%,54%,190,48%,
1026,Dina,Bettye,45%,63%,45%,63%,216,54%,
1027,Cristin,Stefanie,78%,78%,78%,88%,322,81%,
1028,Justin,Jessy,95%,85%,100%,85%,365,91%,
1029,Jenny,Stillmann,55%,54%,45%,56%,210,53%,
